1,Jacqueline,Gibson,jgibson0@deliciousdays.com,Female,2015-04-02
2,Jimmy,Harvey,jharvey1@ehow.com,Male,2015-06-25
3,Frank,Payne,fpayne2@tumblr.com,Male,2015-03-15
4,Patrick,Anderson,panderson3@yandex.ru,Male,2015-11-06
5,Maria,Hamilton,mhamilton4@vistaprint.com,Female,2015-06-07
6,Virginia,Phillips,vphillips5@godaddy.com,Female,2015-03-16
7,Susan,Elliott,selliott6@eventbrite.com,Female,2015-08-20
8,Adam,Scott,ascott7@hao123.com,Male,2015-05-19
9,Tammy,Rivera,trivera8@netvibes.com,Female,2015-10-31
10,Linda,Bailey,lbailey9@ameblo.jp,Female,2015-05-28
11,Barbara,Howell,bhowella@baidu.com,Female,2016-01-08
12,Alice,Cunningham,acunninghamb@i2i.jp,Female,2016-01-25
13,Lois,Peterson,lpetersonc@census.gov,Female,2015-03-05
14,Willie,Porter,wporterd@redcross.org,Male,2015-03-15
15,Betty,Jones,bjonese@psu.edu,Female,2015-12-21
16,Heather,Moreno,hmorenof@mediafire.com,Female,2015-09-26
17,Robert,Alexander,ralexanderg@abc.net.au,Male,2015-03-31
18,Carol,Welch,cwelchh@wikimedia.org,Female,2015-05-29
19,Jason,Ferguson,jfergusoni@craigslist.org,Male,2015-06-25
20,Louise,Bennett,lbennettj@buzzfeed.com,Female,2015-11-11
21,Douglas,Peters,dpetersk@pinterest.com,Male,2015-03-26
22,Andrew,Rice,aricel@prweb.com,Male,2015-07-23
23,Randy,Bryant,rbryantm@canalblog.com,Male,2015-04-02
24,Lillian,Day,ldayn@ning.com,Female,2015-02-14
25,Thomas,Mitchell,tmitchello@yahoo.com,Male,2015-11-10
26,Rebecca,Price,rpricep@sakura.ne.jp,Female,2015-10-17
27,Doris,Evans,devansq@howstuffworks.com,Female,2015-05-04
28,Sarah,Rogers,srogersr@elpais.com,Female,2015-05-14
29,Lois,Edwards,ledwardss@wix.com,Female,2015-08-28
30,Martin,Robertson,mrobertsont@china.com.cn,Male,2015-04-18
31,Dennis,Lawson,dlawsonu@taobao.com,Male,2015-10-04
32,Evelyn,Cook,ecookv@va.gov,Female,2015-12-15
33,Judith,Marshall,jmarshallw@google.fr,Female,2015-06-11
34,Anna,Wilson,awilsonx@china.com.cn,Female,2015-12-21
35,Sara,Webb,swebby@mysql.com,Female,2015-08-06
36,Jacqueline,Jordan,jjordanz@pinterest.com,Female,2015-08-01
37,Jimmy,Adams,jadams10@blogspot.com,Male,2015-03-02
38,Peter,Harvey,pharvey11@zdnet.com,Male,2015-03-31
39,Robin,Bell,rbell12@symantec.com,Female,2015-11-30
40,Carol,Wilson,cwilson13@umn.edu,Female,2015-04-20
41,Karen,Willis,kwillis14@wiley.com,Female,2015-07-29
42,Bonnie,Adams,badams15@cnn.com,Female,2015-05-28
43,Jacqueline,Duncan,jduncan16@weather.com,Female,2015-09-17
44,Cheryl,Long,clong17@ibm.com,Female,2015-02-09
45,Paul,Oliver,poliver18@nytimes.com,Male,2015-06-27
46,Sharon,Miller,smiller19@hp.com,Female,2016-01-14
47,Samuel,Hernandez,shernandez1a@bravesites.com,Male,2016-01-26
48,Frances,Rice,frice1b@canalblog.com,Female,2015-06-17
49,Albert,Webb,awebb1c@cmu.edu,Male,2015-06-18
50,Martin,Campbell,mcampbell1d@slate.com,Male,2015-08-24
51,Charles,Murphy,cmurphy1e@barnesandnoble.com,Male,2015-07-16
52,Jose,Gonzalez,jgonzalez1f@illinois.edu,Male,2015-09-12
53,Harold,Perry,hperry1g@omniture.com,Male,2015-05-09
54,Cheryl,Parker,cparker1h@acquirethisname.com,Female,2016-01-19
55,Craig,Sims,csims1i@mapy.cz,Male,2015-07-10
56,Betty,Wells,bwells1j@imageshack.us,Female,2015-12-05
57,Patrick,Howell,phowell1k@latimes.com,Male,2015-03-05
58,Larry,Burns,lburns1l@nyu.edu,Male,2016-01-07
59,Ernest,Chavez,echavez1m@t.co,Male,2015-11-16
60,Sharon,Lynch,slynch1n@ed.gov,Female,2015-11-30
61,Carl,Harrison,charrison1o@sohu.com,Male,2015-09-20
62,Beverly,Garcia,bgarcia1p@shop-pro.jp,Female,2015-04-02
63,Laura,Fuller,lfuller1q@columbia.edu,Female,2016-01-11
64,Gerald,White,gwhite1r@boston.com,Male,2015-03-19
65,David,Austin,daustin1s@amazonaws.com,Male,2015-05-05
66,Victor,Johnston,vjohnston1t@addthis.com,Male,2015-09-29
67,Joyce,Ward,jward1u@constantcontact.com,Female,2015-03-05
68,Ann,Frazier,afrazier1v@si.edu,Female,2015-07-30
69,Linda,Lewis,llewis1w@elegantthemes.com,Female,2015-05-13
70,Christina,Martinez,cmartinez1x@hatena.ne.jp,Female,2015-11-18
71,Timothy,Montgomery,tmontgomery1y@umn.edu,Male,2015-06-05
72,Elizabeth,White,ewhite1z@livejournal.com,Female,2015-12-20
73,Rose,Ramos,rramos20@indiatimes.com,Female,2015-02-16
74,Michelle,Bryant,mbryant21@blogger.com,Female,2015-03-03
75,Timothy,Harris,tharris22@youtube.com,Male,2015-11-16
76,Shirley,Kelly,skelly23@deviantart.com,Female,2016-01-04
77,Willie,Burke,wburke24@dot.gov,Male,2015-05-24
78,Maria,Murphy,mmurphy25@exblog.jp,Female,2015-02-07
79,Matthew,Young,myoung26@apache.org,Male,2015-08-27
80,Donna,Lawson,dlawson27@issuu.com,Female,2015-11-16
81,Ruby,Collins,rcollins28@tuttocitta.it,Female,2015-08-27
82,Benjamin,Kennedy,bkennedy29@icio.us,Male,2015-07-13
83,Kathleen,Fisher,kfisher2a@netlog.com,Female,2015-05-03
84,Earl,Henry,ehenry2b@timesonline.co.uk,Male,2015-05-10
85,Doris,Alexander,dalexander2c@ask.com,Female,2015-02-06
86,Terry,Johnston,tjohnston2d@mysql.com,Male,2015-04-18
87,Anthony,Palmer,apalmer2e@upenn.edu,Male,2015-02-10
88,Edward,Little,elittle2f@seesaa.net,Male,2015-05-22
89,Joyce,Gilbert,jgilbert2g@rediff.com,Female,2016-01-01
90,Doris,Alexander,dalexander2h@rakuten.co.jp,Female,2015-04-23
91,Fred,Lynch,flynch2i@fc2.com,Male,2015-04-19
92,Mark,Wheeler,mwheeler2j@ihg.com,Male,2015-03-11
93,Ralph,Shaw,rshaw2k@ebay.co.uk,Male,2015-02-08
94,Kevin,Austin,kaustin2l@fastcompany.com,Male,2015-07-21
95,Betty,Woods,bwoods2m@microsoft.com,Female,2015-06-21
96,George,Henderson,ghenderson2n@parallels.com,Male,2015-04-28
97,Craig,Hart,chart2o@lycos.com,Male,2015-09-22
98,Jesse,Burke,jburke2p@msn.com,Male,2015-04-24
99,Irene,Oliver,ioliver2q@deliciousdays.com,Female,2015-11-20
100,Doris,Weaver,dweaver2r@cloudflare.com,Female,2015-10-29
101,Angela,Austin,aaustin2s@ca.gov,Female,2015-08-01
102,Julie,Kennedy,jkennedy2t@cam.ac.uk,Female,2015-05-14
103,Jean,Hanson,jhanson2u@hhs.gov,Female,2015-11-27
104,Maria,Hall,mhall2v@netvibes.com,Female,2015-10-10
105,Julia,Castillo,jcastillo2w@blogger.com,Female,2015-09-04
106,Gregory,Hansen,ghansen2x@histats.com,Male,2015-11-27
107,Tammy,Gomez,tgomez2y@squidoo.com,Female,2015-09-30
108,Billy,Spencer,bspencer2z@arizona.edu,Male,2015-10-12
109,Norma,Andrews,nandrews30@upenn.edu,Female,2015-07-11
110,Cynthia,Reynolds,creynolds31@skyrock.com,Female,2015-08-31
111,Stephen,Kennedy,skennedy32@joomla.org,Male,2015-11-04
112,Scott,Tucker,stucker33@github.com,Male,2015-05-22
113,Judith,Richards,jrichards34@weebly.com,Female,2015-08-02
114,Gregory,Martin,gmartin35@altervista.org,Male,2015-03-26
115,Donna,Jordan,djordan36@prnewswire.com,Female,2016-01-23
116,Jesse,Reynolds,jreynolds37@prlog.org,Male,2016-01-10
117,Norma,Patterson,npatterson38@noaa.gov,Female,2015-12-06
118,Virginia,Riley,vriley39@people.com.cn,Female,2016-01-25
119,Steve,Owens,sowens3a@dyndns.org,Male,2015-08-12
120,Gary,Peterson,gpeterson3b@forbes.com,Male,2015-02-26
121,Julie,Wallace,jwallace3c@uol.com.br,Female,2015-06-15
122,Kimberly,Flores,kflores3d@aboutads.info,Female,2015-04-16
123,Ralph,Kelley,rkelley3e@forbes.com,Male,2015-05-19
124,Andrew,Kim,akim3f@prlog.org,Male,2015-08-13
125,Harry,Bell,hbell3g@rakuten.co.jp,Male,2015-03-17
126,Peter,Cooper,pcooper3h@amazon.co.jp,Male,2015-04-26
127,Eugene,Jordan,ejordan3i@mit.edu,Male,2015-10-27
128,Antonio,Burns,aburns3j@mlb.com,Male,2015-07-21
129,Mildred,Jackson,mjackson3k@google.nl,Female,2015-10-08
130,Douglas,Green,dgreen3l@sbwire.com,Male,2015-03-22
131,Debra,Smith,dsmith3m@cloudflare.com,Female,2015-02-26
132,Angela,Dean,adean3n@toplist.cz,Female,2016-01-08
133,Rose,Williams,rwilliams3o@google.com.au,Female,2015-06-01
134,Craig,Fox,cfox3p@tamu.edu,Male,2015-10-02
135,Brandon,Rice,brice3q@gizmodo.com,Male,2015-07-21
136,Brenda,Reid,breid3r@xing.com,Female,2015-07-20
137,William,Rogers,wrogers3s@a8.net,Male,2015-07-15
138,William,Woods,wwoods3t@wikimedia.org,Male,2015-12-21
139,Ruth,Sanchez,rsanchez3u@umn.edu,Female,2015-06-10
140,Sarah,Gonzalez,sgonzalez3v@ucoz.com,Female,2015-03-04
141,Diana,Nguyen,dnguyen3w@mlb.com,Female,2015-11-07
142,Lillian,Brooks,lbrooks3x@joomla.org,Female,2015-04-02
143,Craig,Fields,cfields3y@addtoany.com,Male,2015-12-01
144,Louis,Long,llong3z@psu.edu,Male,2015-10-19
145,Lisa,Sanders,lsanders40@nps.gov,Female,2015-11-02
146,Adam,Wilson,awilson41@scribd.com,Male,2015-02-01
147,Rebecca,Gonzales,rgonzales42@purevolume.com,Female,2015-05-30
148,Bruce,Rivera,brivera43@cdbaby.com,Male,2015-07-07
149,Jose,Warren,jwarren44@simplemachines.org,Male,2015-11-30
150,Evelyn,Stevens,estevens45@addtoany.com,Female,2015-09-20
151,Dorothy,Hudson,dhudson46@livejournal.com,Female,2015-06-09
152,Judith,Price,jprice47@miibeian.gov.cn,Female,2015-05-14
153,William,Frazier,wfrazier48@google.co.uk,Male,2015-06-29
154,Chris,Anderson,canderson49@nydailynews.com,Male,2015-08-12
155,Thomas,Carr,tcarr4a@prnewswire.com,Male,2015-09-25
156,Alice,Wood,awood4b@chronoengine.com,Female,2015-07-03
157,Mark,Spencer,mspencer4c@domainmarket.com,Male,2015-12-16
158,Paula,Mills,pmills4d@so-net.ne.jp,Female,2015-06-29
159,Kimberly,Woods,kwoods4e@smh.com.au,Female,2015-03-24
160,Phyllis,Anderson,panderson4f@ning.com,Female,2015-11-19
161,Julie,Ruiz,jruiz4g@biglobe.ne.jp,Female,2015-03-09
162,Mildred,Cole,mcole4h@nba.com,Female,2015-08-05
163,Katherine,Parker,kparker4i@infoseek.co.jp,Female,2015-07-29
164,Mark,Warren,mwarren4j@ft.com,Male,2015-09-22
165,Jerry,Fields,jfields4k@wordpress.org,Male,2015-05-29
166,Roger,Sullivan,rsullivan4l@wikimedia.org,Male,2015-03-27
167,Ruby,Davis,rdavis4m@nydailynews.com,Female,2015-12-11
168,Victor,Rodriguez,vrodriguez4n@theglobeandmail.com,Male,2015-08-23
169,George,Gibson,ggibson4o@opera.com,Male,2015-05-02
170,Stephanie,Reid,sreid4p@privacy.gov.au,Female,2015-03-09
171,Amanda,Clark,aclark4q@blogspot.com,Female,2015-04-16
172,Victor,Wagner,vwagner4r@cbsnews.com,Male,2015-04-05
173,Nicole,Graham,ngraham4s@biblegateway.com,Female,2015-07-26
174,Alan,Robertson,arobertson4t@dot.gov,Male,2015-03-14
175,Fred,Hernandez,fhernandez4u@stanford.edu,Male,2015-09-07
176,Russell,West,rwest4v@pcworld.com,Male,2015-04-19
177,Russell,Austin,raustin4w@jigsy.com,Male,2015-07-07
178,Nicole,Black,nblack4x@mozilla.com,Female,2015-07-19
179,Eric,Peters,epeters4y@indiegogo.com,Male,2015-04-02
180,Lori,Williamson,lwilliamson4z@comcast.net,Female,2015-02-06
181,Arthur,Hudson,ahudson50@arstechnica.com,Male,2015-06-04
182,Helen,Walker,hwalker51@google.ru,Female,2015-12-09
183,Kelly,Marshall,kmarshall52@so-net.ne.jp,Female,2015-11-26
184,Rose,Daniels,rdaniels53@bravesites.com,Female,2015-08-07
185,Russell,Owens,rowens54@google.co.uk,Male,2015-08-07
186,Raymond,Morgan,rmorgan55@cloudflare.com,Male,2015-09-11
187,Fred,Long,flong56@about.com,Male,2015-03-11
188,Peter,Dean,pdean57@bluehost.com,Male,2016-01-19
189,Kathy,Weaver,kweaver58@simplemachines.org,Female,2015-04-10
190,Kathleen,Robertson,krobertson59@ihg.com,Female,2015-04-14
191,Cynthia,Sanchez,csanchez5a@delicious.com,Female,2015-03-11
192,Virginia,Hunter,vhunter5b@disqus.com,Female,2015-08-01
193,Clarence,Garrett,cgarrett5c@pagesperso-orange.fr,Male,2015-02-09
194,Martin,Dunn,mdunn5d@reuters.com,Male,2015-11-30
195,Kimberly,Wells,kwells5e@abc.net.au,Female,2015-05-31
196,Bruce,Lewis,blewis5f@va.gov,Male,2015-12-10
197,Steven,Alvarez,salvarez5g@comsenz.com,Male,2015-05-02
198,Victor,Dean,vdean5h@themeforest.net,Male,2015-10-28
199,Helen,Warren,hwarren5i@un.org,Female,2015-12-22
200,Roy,Murray,rmurray5j@wp.com,Male,2015-11-29
201,Peter,Howell,phowell5k@fema.gov,Male,2015-09-02
202,Robin,Perez,rperez5l@about.com,Female,2015-06-26
203,Philip,Hughes,phughes5m@nbcnews.com,Male,2015-05-16
204,Rose,Meyer,rmeyer5n@simplemachines.org,Female,2015-02-10
205,Brandon,Crawford,bcrawford5o@archive.org,Male,2015-12-21
206,Martha,Gutierrez,mgutierrez5p@prweb.com,Female,2015-02-11
207,Edward,Kim,ekim5q@fotki.com,Male,2015-05-20
208,Jerry,Henry,jhenry5r@51.la,Male,2015-06-27
209,Annie,Rodriguez,arodriguez5s@mozilla.com,Female,2015-04-24
210,Louise,Ramos,lramos5t@cbsnews.com,Female,2015-12-30
211,Mary,Rodriguez,mrodriguez5u@goodreads.com,Female,2015-09-21
212,Daniel,Martinez,dmartinez5v@alibaba.com,Male,2015-03-19
213,Carolyn,Baker,cbaker5w@youtu.be,Female,2015-04-05
214,Denise,Martin,dmartin5x@arstechnica.com,Female,2015-06-22
215,Ashley,Collins,acollins5y@state.gov,Female,2015-04-20
216,Joan,Lawson,jlawson5z@drupal.org,Female,2015-04-26
217,Carl,Ellis,cellis60@eventbrite.com,Male,2015-12-13
218,Sean,Jordan,sjordan61@shareasale.com,Male,2015-06-26
219,Scott,Kennedy,skennedy62@timesonline.co.uk,Male,2015-09-09
220,Cynthia,Miller,cmiller63@cyberchimps.com,Female,2015-08-31
221,Lori,Evans,levans64@rambler.ru,Female,2015-09-20
222,Lori,Wagner,lwagner65@boston.com,Female,2015-04-30
223,Christina,Wright,cwright66@google.it,Female,2015-02-09
224,Earl,Diaz,ediaz67@nytimes.com,Male,2015-07-06
225,Benjamin,Duncan,bduncan68@dmoz.org,Male,2015-09-02
226,Steven,Dunn,sdunn69@howstuffworks.com,Male,2015-02-04
227,Susan,Carpenter,scarpenter6a@dropbox.com,Female,2015-06-15
228,Paul,Freeman,pfreeman6b@yolasite.com,Male,2015-02-03
229,Jennifer,Tucker,jtucker6c@scribd.com,Female,2015-06-07
230,Frank,Campbell,fcampbell6d@chicagotribune.com,Male,2015-05-12
231,Jean,Sanchez,jsanchez6e@angelfire.com,Female,2015-02-03
232,Kathryn,Perez,kperez6f@utexas.edu,Female,2015-06-30
233,Angela,Gonzales,agonzales6g@uiuc.edu,Female,2015-08-13
234,Jean,Robertson,jrobertson6h@chronoengine.com,Female,2015-10-05
235,Pamela,Coleman,pcoleman6i@sohu.com,Female,2015-10-10
236,Howard,Anderson,handerson6j@dropbox.com,Male,2015-08-04
237,Ralph,Ross,rross6k@furl.net,Male,2015-08-10
238,Kenneth,Edwards,kedwards6l@opera.com,Male,2015-10-31
239,Willie,Rivera,wrivera6m@comcast.net,Male,2015-02-14
240,Todd,Harper,tharper6n@xrea.com,Male,2015-03-25
241,William,Freeman,wfreeman6o@twitter.com,Male,2015-02-22
242,Philip,Myers,pmyers6p@domainmarket.com,Male,2015-05-26
243,Emily,Sanders,esanders6q@myspace.com,Female,2015-07-10
244,Kathleen,Austin,kaustin6r@cisco.com,Female,2015-07-11
245,Ruby,Lee,rlee6s@google.com.hk,Female,2015-11-29
246,Samuel,Perkins,sperkins6t@myspace.com,Male,2015-06-28
247,Paula,Palmer,ppalmer6u@vistaprint.com,Female,2015-12-07
248,Bruce,Myers,bmyers6v@thetimes.co.uk,Male,2015-10-05
249,Joe,Jackson,jjackson6w@google.com.au,Male,2015-07-06
250,Jack,Reed,jreed6x@usda.gov,Male,2015-10-17
251,Phillip,Hunter,phunter6y@nymag.com,Male,2015-05-09
252,Ruby,Coleman,rcoleman6z@cbslocal.com,Female,2015-03-11
253,Phyllis,Perez,pperez70@epa.gov,Female,2015-05-08
254,Steven,Frazier,sfrazier71@paginegialle.it,Male,2015-09-24
255,Raymond,Rice,rrice72@pbs.org,Male,2015-02-06
256,Adam,Patterson,apatterson73@mapy.cz,Male,2015-02-23
257,Ronald,Medina,rmedina74@nytimes.com,Male,2015-05-10
258,Chris,Kelly,ckelly75@google.com.au,Male,2015-06-15
259,Tammy,Hayes,thayes76@ifeng.com,Female,2015-10-04
260,Jesse,Jones,jjones77@upenn.edu,Male,2015-04-21
261,Joshua,Bailey,jbailey78@github.io,Male,2015-04-08
262,Robin,Taylor,rtaylor79@whitehouse.gov,Female,2015-02-04
263,Sharon,Snyder,ssnyder7a@utexas.edu,Female,2015-06-24
264,Mildred,Sanders,msanders7b@studiopress.com,Female,2015-08-10
265,Louise,Schmidt,lschmidt7c@tiny.cc,Female,2015-10-24
266,Gary,Johnson,gjohnson7d@hexun.com,Male,2015-07-22
267,Thomas,Wagner,twagner7e@utexas.edu,Male,2015-04-24
268,Anne,Hunt,ahunt7f@phpbb.com,Female,2015-12-03
269,Kimberly,Reyes,kreyes7g@symantec.com,Female,2015-11-24
270,Lois,Scott,lscott7h@usatoday.com,Female,2015-07-24
271,Jeffrey,Woods,jwoods7i@fda.gov,Male,2015-09-29
272,Andrea,Hicks,ahicks7j@seesaa.net,Female,2015-02-03
273,Heather,Bradley,hbradley7k@mysql.com,Female,2015-05-21
274,Adam,Dixon,adixon7l@wix.com,Male,2015-09-30
275,James,Fuller,jfuller7m@slideshare.net,Male,2015-05-11
276,Adam,Cook,acook7n@twitpic.com,Male,2015-08-23
277,Louis,Rice,lrice7o@amazon.co.uk,Male,2015-03-23
278,Wayne,Porter,wporter7p@nih.gov,Male,2015-05-16
279,Ashley,Morgan,amorgan7q@sbwire.com,Female,2015-10-17
280,Jerry,Weaver,jweaver7r@infoseek.co.jp,Male,2015-02-04
281,Juan,Franklin,jfranklin7s@marketwatch.com,Male,2015-06-08
282,Gregory,Weaver,gweaver7t@arstechnica.com,Male,2015-02-08
283,Lois,Stephens,lstephens7u@google.nl,Female,2015-04-29
284,Todd,Chavez,tchavez7v@technorati.com,Male,2015-04-16
285,Laura,Jones,ljones7w@smh.com.au,Female,2015-04-17
286,Harry,Myers,hmyers7x@behance.net,Male,2015-05-08
287,Lori,Montgomery,lmontgomery7y@prlog.org,Female,2016-01-07
288,Lawrence,Medina,lmedina7z@baidu.com,Male,2015-08-02
289,Aaron,Hunter,ahunter80@ifeng.com,Male,2015-10-09
290,Jeremy,Bell,jbell81@salon.com,Male,2015-05-22
291,Jennifer,Woods,jwoods82@eventbrite.com,Female,2015-09-03
292,Timothy,Mills,tmills83@google.com.br,Male,2015-10-06
293,Joan,Carr,jcarr84@xinhuanet.com,Female,2015-11-16
294,Shirley,Clark,sclark85@lulu.com,Female,2015-12-27
295,Samuel,Garza,sgarza86@de.vu,Male,2015-07-16
296,Paula,Mccoy,pmccoy87@xrea.com,Female,2015-05-11
297,Richard,Kelly,rkelly88@time.com,Male,2016-01-05
298,Benjamin,Hawkins,bhawkins89@imgur.com,Male,2015-04-11
299,Justin,Alexander,jalexander8a@amazonaws.com,Male,2015-09-20
300,Henry,Hudson,hhudson8b@hp.com,Male,2015-11-21
301,Rose,Cox,rcox8c@kickstarter.com,Female,2015-06-06
302,Pamela,Morrison,pmorrison8d@g.co,Female,2015-09-04
303,Brenda,Daniels,bdaniels8e@sitemeter.com,Female,2016-01-09
304,Lisa,Adams,ladams8f@marriott.com,Female,2015-07-14
305,Louise,James,ljames8g@apple.com,Female,2015-04-11
306,Bobby,Anderson,banderson8h@ed.gov,Male,2015-08-29
307,Albert,Wells,awells8i@trellian.com,Male,2015-06-06
308,Jimmy,Hanson,jhanson8j@indiegogo.com,Male,2015-09-03
309,Jose,Hernandez,jhernandez8k@skyrock.com,Male,2015-07-02
310,Henry,Thomas,hthomas8l@gov.uk,Male,2015-03-15
311,Tammy,Gonzales,tgonzales8m@narod.ru,Female,2015-02-16
312,Timothy,Turner,tturner8n@wikimedia.org,Male,2015-08-17
313,Russell,Mason,rmason8o@oracle.com,Male,2015-07-12
314,Ernest,Torres,etorres8p@indiatimes.com,Male,2015-12-12
315,Catherine,Ford,cford8q@mashable.com,Female,2015-05-26
316,Helen,Crawford,hcrawford8r@opensource.org,Female,2015-10-24
317,Bruce,Baker,bbaker8s@mashable.com,Male,2015-12-25
318,Kathryn,Robertson,krobertson8t@hostgator.com,Female,2015-11-03
319,Nancy,Mccoy,nmccoy8u@simplemachines.org,Female,2015-07-31
320,Shirley,Medina,smedina8v@google.com.au,Female,2015-10-31
321,Wanda,Stephens,wstephens8w@kickstarter.com,Female,2015-08-31
322,Patricia,Hanson,phanson8x@marketwatch.com,Female,2015-11-29
323,Kimberly,Sanders,ksanders8y@addtoany.com,Female,2015-06-12
324,Janet,Wood,jwood8z@jugem.jp,Female,2015-07-01
325,Matthew,Barnes,mbarnes90@skype.com,Male,2015-10-17
326,Mary,Williamson,mwilliamson91@plala.or.jp,Female,2015-05-28
327,Martha,Wood,mwood92@berkeley.edu,Female,2015-05-20
328,Jessica,Cole,jcole93@blog.com,Female,2015-10-13
329,Marilyn,Hall,mhall94@netscape.com,Female,2015-12-18
330,Theresa,Ryan,tryan95@hibu.com,Female,2015-08-31
331,Sean,Duncan,sduncan96@lycos.com,Male,2016-01-04
332,Janice,Mills,jmills97@census.gov,Female,2015-07-01
333,Ernest,Ramos,eramos98@slideshare.net,Male,2015-10-04
334,Andrea,Warren,awarren99@wsj.com,Female,2016-01-08
335,Dorothy,Gilbert,dgilbert9a@godaddy.com,Female,2015-09-12
336,Stephen,Jenkins,sjenkins9b@google.com.au,Male,2015-03-07
337,Shirley,Butler,sbutler9c@live.com,Female,2015-02-05
338,Carol,Hughes,chughes9d@photobucket.com,Female,2015-12-28
339,Karen,Wright,kwright9e@infoseek.co.jp,Female,2015-05-09
340,Michelle,Jones,mjones9f@storify.com,Female,2015-06-30
341,Kenneth,Alvarez,kalvarez9g@example.com,Male,2015-10-19
342,Wanda,Daniels,wdaniels9h@ox.ac.uk,Female,2015-03-22
343,Anthony,Ryan,aryan9i@gov.uk,Male,2015-11-01
344,Joseph,Shaw,jshaw9j@quantcast.com,Male,2015-04-11
345,Samuel,Turner,sturner9k@tiny.cc,Male,2015-08-21
346,Helen,Green,hgreen9l@arstechnica.com,Female,2016-01-06
347,William,Morales,wmorales9m@networksolutions.com,Male,2015-09-07
348,Randy,Ferguson,rferguson9n@nih.gov,Male,2015-05-19
349,Anthony,Reed,areed9o@squarespace.com,Male,2015-09-11
350,Joan,Martin,jmartin9p@nps.gov,Female,2015-09-20
351,Michelle,Ortiz,mortiz9q@businessweek.com,Female,2015-07-04
352,Angela,Mills,amills9r@usgs.gov,Female,2015-02-18
353,Marilyn,Garrett,mgarrett9s@hibu.com,Female,2015-03-15
354,Dennis,Garcia,dgarcia9t@wordpress.org,Male,2016-01-16
355,Donald,Ellis,dellis9u@seattletimes.com,Male,2015-09-18
356,Virginia,Gilbert,vgilbert9v@example.com,Female,2015-10-25
357,Elizabeth,Ramos,eramos9w@hp.com,Female,2015-03-12
358,James,Greene,jgreene9x@tripod.com,Male,2015-10-03
359,Howard,Lee,hlee9y@aboutads.info,Male,2015-09-13
360,Howard,Gibson,hgibson9z@mozilla.com,Male,2015-08-15
361,Robin,Fernandez,rfernandeza0@ebay.co.uk,Female,2015-03-03
362,Christina,Ferguson,cfergusona1@cnbc.com,Female,2015-12-12
363,Shawn,Perry,sperrya2@nationalgeographic.com,Male,2015-03-06
364,Harry,Oliver,holivera3@cam.ac.uk,Male,2015-04-26
365,Arthur,Black,ablacka4@smugmug.com,Male,2015-08-13
366,Cheryl,Hunt,chunta5@tiny.cc,Female,2015-12-03
367,Paula,Gibson,pgibsona6@fda.gov,Female,2016-01-05
368,Wayne,Spencer,wspencera7@techcrunch.com,Male,2015-09-12
369,Jacqueline,Kim,jkima8@w3.org,Female,2015-09-22
370,Steven,Riley,srileya9@amazon.co.jp,Male,2015-11-12
371,Anne,Chavez,achavezaa@webmd.com,Female,2015-05-09
372,Earl,Howard,ehowardab@yolasite.com,Male,2015-10-29
373,Margaret,Young,myoungac@blogger.com,Female,2015-06-30
374,Lillian,Shaw,lshawad@independent.co.uk,Female,2015-10-15
375,Tammy,Sims,tsimsae@naver.com,Female,2015-05-12
376,William,Ortiz,wortizaf@ihg.com,Male,2015-04-20
377,Larry,Schmidt,lschmidtag@wp.com,Male,2015-06-02
378,Randy,Harris,rharrisah@mit.edu,Male,2015-03-28
379,Pamela,Duncan,pduncanai@ted.com,Female,2015-09-02
380,Anna,Sims,asimsaj@nih.gov,Female,2015-06-18
381,Doris,Williamson,dwilliamsonak@blogger.com,Female,2015-06-20
382,Maria,George,mgeorgeal@goo.ne.jp,Female,2015-12-11
383,Lori,Perkins,lperkinsam@wired.com,Female,2015-12-21
384,Jeffrey,Carter,jcarteran@so-net.ne.jp,Male,2015-05-17
385,Ryan,Jackson,rjacksonao@auda.org.au,Male,2015-03-30
386,Ruby,Hernandez,rhernandezap@hud.gov,Female,2015-06-10
387,Eric,Stevens,estevensaq@google.fr,Male,2015-08-22
388,Elizabeth,Ward,ewardar@smugmug.com,Female,2015-04-14
389,John,Young,jyoungas@yelp.com,Male,2015-07-27
390,Jonathan,Rodriguez,jrodriguezat@boston.com,Male,2015-10-13
391,Sharon,Phillips,sphillipsau@reference.com,Female,2015-06-30
392,Jeffrey,Wallace,jwallaceav@lulu.com,Male,2015-09-03
393,Jennifer,James,jjamesaw@deliciousdays.com,Female,2015-07-25
394,George,Carroll,gcarrollax@whitehouse.gov,Male,2015-04-23
395,Nicholas,Hunter,nhunteray@etsy.com,Male,2015-10-09
396,Christina,Daniels,cdanielsaz@skype.com,Female,2015-12-12
397,Sara,Riley,srileyb0@boston.com,Female,2015-12-26
398,Albert,Moreno,amorenob1@surveymonkey.com,Male,2015-06-21
399,James,Wood,jwoodb2@bloomberg.com,Male,2015-07-22
400,Dorothy,Fowler,dfowlerb3@telegraph.co.uk,Female,2015-08-05
401,Roger,Grant,rgrantb4@alibaba.com,Male,2015-04-05
402,Todd,Russell,trussellb5@ycombinator.com,Male,2015-06-13
403,Scott,George,sgeorgeb6@baidu.com,Male,2015-08-16
404,Jeffrey,Warren,jwarrenb7@last.fm,Male,2015-09-05
405,Barbara,Taylor,btaylorb8@scientificamerican.com,Female,2015-10-04
406,Kathy,Harper,kharperb9@cargocollective.com,Female,2015-12-09
407,Elizabeth,Banks,ebanksba@pcworld.com,Female,2015-06-13
408,William,Howell,whowellbb@amazon.co.jp,Male,2015-08-02
409,Anthony,Howard,ahowardbc@redcross.org,Male,2016-01-16
410,Jonathan,Duncan,jduncanbd@nifty.com,Male,2015-07-01
411,Jeremy,Ray,jraybe@washington.edu,Male,2015-11-30
412,Paula,Henderson,phendersonbf@shop-pro.jp,Female,2015-06-26
413,Marilyn,Murphy,mmurphybg@photobucket.com,Female,2015-12-22
414,Chris,Garrett,cgarrettbh@myspace.com,Male,2015-02-18
415,Cheryl,Jacobs,cjacobsbi@icio.us,Female,2015-07-15
416,Todd,Mason,tmasonbj@youtube.com,Male,2015-12-19
417,Bruce,Gonzalez,bgonzalezbk@webs.com,Male,2015-12-28
418,Susan,Fowler,sfowlerbl@hao123.com,Female,2015-12-15
419,Phyllis,Gutierrez,pgutierrezbm@dedecms.com,Female,2015-05-08
420,Antonio,Crawford,acrawfordbn@businesswire.com,Male,2015-09-12
421,Willie,Fernandez,wfernandezbo@lulu.com,Male,2015-07-23
422,Victor,Payne,vpaynebp@state.gov,Male,2015-09-23
423,Jacqueline,Hanson,jhansonbq@prlog.org,Female,2015-03-24
424,Jane,Wells,jwellsbr@sciencedaily.com,Female,2015-08-03
425,Sandra,Green,sgreenbs@latimes.com,Female,2015-12-21
426,Ruby,Hawkins,rhawkinsbt@flickr.com,Female,2015-03-24
427,Gary,Wood,gwoodbu@quantcast.com,Male,2015-02-19
428,George,Bailey,gbaileybv@wikia.com,Male,2015-11-23
429,Mark,Frazier,mfrazierbw@seattletimes.com,Male,2015-03-22
430,Jacqueline,Reid,jreidbx@constantcontact.com,Female,2015-04-20
431,Jeffrey,Brooks,jbrooksby@youtu.be,Male,2015-02-24
432,Stephanie,Daniels,sdanielsbz@state.gov,Female,2015-07-05
433,Diana,Stone,dstonec0@ucoz.com,Female,2015-02-02
434,Marie,Bradley,mbradleyc1@discovery.com,Female,2015-10-25
435,Elizabeth,Burke,eburkec2@bloglines.com,Female,2015-11-05
436,Louis,Kelley,lkelleyc3@oaic.gov.au,Male,2015-08-01
437,Jerry,Barnes,jbarnesc4@sciencedirect.com,Male,2015-06-17
438,Linda,Burton,lburtonc5@is.gd,Female,2015-10-18
439,Eric,Perkins,eperkinsc6@a8.net,Male,2015-08-29
440,Harold,Ryan,hryanc7@sun.com,Male,2015-06-15
441,Gregory,Little,glittlec8@yellowpages.com,Male,2015-11-23
442,Robert,Greene,rgreenec9@dedecms.com,Male,2015-04-25
443,Earl,Williams,ewilliamsca@123-reg.co.uk,Male,2015-05-03
444,Gary,Foster,gfostercb@chron.com,Male,2015-05-03
445,Nicole,Ray,nraycc@google.it,Female,2015-05-16
446,Jacqueline,Moore,jmoorecd@tinypic.com,Female,2015-06-09
447,Cynthia,Martin,cmartince@shareasale.com,Female,2015-09-30
448,Phillip,Butler,pbutlercf@arizona.edu,Male,2015-11-13
449,Sarah,Rose,srosecg@webnode.com,Female,2016-01-16
450,Andrew,Hayes,ahayesch@nationalgeographic.com,Male,2015-03-02
451,Julie,Cruz,jcruzci@hostgator.com,Female,2015-06-13
452,Justin,Alvarez,jalvarezcj@wired.com,Male,2015-11-10
453,George,James,gjamesck@symantec.com,Male,2016-01-10
454,Marilyn,Marshall,mmarshallcl@narod.ru,Female,2015-10-26
455,John,Crawford,jcrawfordcm@wisc.edu,Male,2015-02-15
456,Terry,Watkins,twatkinscn@si.edu,Male,2015-12-30
457,Sean,Reid,sreidco@sogou.com,Male,2015-12-18
458,Scott,Morrison,smorrisoncp@google.com.br,Male,2015-03-17
459,Todd,James,tjamescq@yellowpages.com,Male,2015-03-24
460,Victor,Phillips,vphillipscr@youku.com,Male,2015-10-05
461,Terry,Butler,tbutlercs@marketwatch.com,Male,2015-11-08
462,Gary,Castillo,gcastilloct@answers.com,Male,2015-12-03
463,Rebecca,Banks,rbankscu@paypal.com,Female,2015-05-09
464,Douglas,Shaw,dshawcv@dailymotion.com,Male,2015-03-12
465,Kimberly,Jackson,kjacksoncw@ustream.tv,Female,2015-05-19
466,Elizabeth,Holmes,eholmescx@wp.com,Female,2015-09-13
467,Anna,Lawson,alawsoncy@blogs.com,Female,2015-12-24
468,Carl,Lawson,clawsoncz@cdc.gov,Male,2015-12-02
469,James,Powell,jpowelld0@usda.gov,Male,2015-08-17
470,Theresa,Dean,tdeand1@liveinternet.ru,Female,2015-09-01
471,Aaron,Gray,agrayd2@washingtonpost.com,Male,2015-09-03
472,Andrew,Wells,awellsd3@samsung.com,Male,2016-01-26
473,Carol,Powell,cpowelld4@tiny.cc,Female,2015-11-13
474,Annie,King,akingd5@miibeian.gov.cn,Female,2015-07-22
475,Kelly,Hunter,khunterd6@sbwire.com,Female,2015-06-26
476,Heather,Wagner,hwagnerd7@va.gov,Female,2015-02-21
477,Bonnie,Hamilton,bhamiltond8@edublogs.org,Female,2015-08-10
478,Paula,Young,pyoungd9@yale.edu,Female,2015-04-08
479,Andrew,Ortiz,aortizda@shareasale.com,Male,2015-06-21
480,Antonio,Peterson,apetersondb@php.net,Male,2015-08-25
481,Jennifer,Price,jpricedc@prnewswire.com,Female,2015-06-18
482,Judith,Cook,jcookdd@economist.com,Female,2015-12-30
483,Cynthia,King,ckingde@ed.gov,Female,2015-07-24
484,Mildred,Fernandez,mfernandezdf@altervista.org,Female,2016-01-03
485,Emily,Ramos,eramosdg@apache.org,Female,2015-04-11
486,Aaron,Carpenter,acarpenterdh@liveinternet.ru,Male,2015-11-30
487,Walter,Sullivan,wsullivandi@vimeo.com,Male,2015-03-12
488,Donald,Sullivan,dsullivandj@spiegel.de,Male,2015-08-14
489,Billy,Daniels,bdanielsdk@ovh.net,Male,2015-08-08
490,Nicole,Robertson,nrobertsondl@upenn.edu,Female,2015-09-04
491,Paul,Martinez,pmartinezdm@dailymail.co.uk,Male,2015-04-22
492,Matthew,Nichols,mnicholsdn@nih.gov,Male,2015-10-26
493,Billy,Wilson,bwilsondo@ibm.com,Male,2015-12-24
494,Diana,Evans,devansdp@ca.gov,Female,2015-05-23
495,Lillian,Miller,lmillerdq@webs.com,Female,2015-10-14
496,Sandra,Jordan,sjordandr@godaddy.com,Female,2015-11-26
497,Margaret,Davis,mdavisds@slideshare.net,Female,2015-11-30
498,Russell,Spencer,rspencerdt@hao123.com,Male,2015-07-11
499,Donna,Fernandez,dfernandezdu@uol.com.br,Female,2015-02-09
500,Sean,Williamson,swilliamsondv@pagesperso-orange.fr,Male,2015-06-15
501,Edward,Hamilton,ehamiltondw@noaa.gov,Male,2015-06-04
502,Margaret,Watkins,mwatkinsdx@wikimedia.org,Female,2015-11-22
503,Julie,Scott,jscottdy@prweb.com,Female,2015-02-17
504,Carlos,Bradley,cbradleydz@privacy.gov.au,Male,2015-04-30
505,Frances,Carroll,fcarrolle0@plala.or.jp,Female,2015-03-01
506,Joshua,Hall,jhalle1@zimbio.com,Male,2015-05-21
507,Evelyn,Wagner,ewagnere2@wikimedia.org,Female,2015-02-06
508,Michael,Mendoza,mmendozae3@exblog.jp,Male,2015-09-09
509,Howard,Baker,hbakere4@washington.edu,Male,2015-12-13
510,Johnny,Alexander,jalexandere5@livejournal.com,Male,2015-07-18
511,Benjamin,Matthews,bmatthewse6@reuters.com,Male,2015-07-31
512,Patrick,Jacobs,pjacobse7@netvibes.com,Male,2015-02-14
513,Thomas,Larson,tlarsone8@sphinn.com,Male,2015-04-27
514,Albert,Mitchell,amitchelle9@chron.com,Male,2016-01-18
515,Denise,George,dgeorgeea@google.de,Female,2015-02-17
516,Ashley,Fuller,afullereb@xrea.com,Female,2015-05-05
517,Bruce,Rice,briceec@xrea.com,Male,2016-01-18
518,Richard,Ross,rrossed@adobe.com,Male,2015-12-26
519,Charles,Watkins,cwatkinsee@icq.com,Male,2015-11-03
520,Wanda,Sanders,wsandersef@msu.edu,Female,2015-06-02
521,Laura,Woods,lwoodseg@1688.com,Female,2015-08-31
522,Bonnie,Hanson,bhansoneh@hubpages.com,Female,2015-02-14
523,Betty,Gonzalez,bgonzalezei@blogs.com,Female,2015-06-05
524,Annie,Simpson,asimpsonej@oracle.com,Female,2015-04-17
525,Linda,Freeman,lfreemanek@dmoz.org,Female,2015-06-23
526,Wayne,Carpenter,wcarpenterel@cnet.com,Male,2016-01-06
527,Andrew,Simmons,asimmonsem@sbwire.com,Male,2015-08-08
528,Lisa,Reyes,lreyesen@kickstarter.com,Female,2015-12-23
529,Harry,Cox,hcoxeo@craigslist.org,Male,2015-03-16
530,Phyllis,Howard,phowardep@stumbleupon.com,Female,2015-08-17
531,Kimberly,Simpson,ksimpsoneq@noaa.gov,Female,2015-02-09
532,Clarence,Ray,crayer@state.tx.us,Male,2015-04-13
533,Jeremy,Butler,jbutleres@furl.net,Male,2015-04-25
534,Bruce,Andrews,bandrewset@canalblog.com,Male,2015-07-21
535,Adam,Tucker,atuckereu@infoseek.co.jp,Male,2015-04-30
536,Walter,Peters,wpetersev@themeforest.net,Male,2015-08-05
537,Ashley,Banks,abanksew@jimdo.com,Female,2015-10-30
538,Robin,Wagner,rwagnerex@github.io,Female,2015-03-14
539,Karen,Garrett,kgarrettey@buzzfeed.com,Female,2015-05-03
540,Deborah,Fowler,dfowlerez@deliciousdays.com,Female,2015-11-14
541,Virginia,Lopez,vlopezf0@omniture.com,Female,2015-07-24
542,Theresa,Miller,tmillerf1@microsoft.com,Female,2015-05-23
543,Christopher,Campbell,ccampbellf2@state.gov,Male,2015-11-24
544,Ashley,Montgomery,amontgomeryf3@rediff.com,Female,2015-02-23
545,Dorothy,Palmer,dpalmerf4@wikispaces.com,Female,2015-04-18
546,Martin,Elliott,melliottf5@unesco.org,Male,2015-03-14
547,Joseph,Robinson,jrobinsonf6@geocities.com,Male,2015-10-15
548,Paula,Lee,pleef7@webeden.co.uk,Female,2015-04-01
549,Eugene,Russell,erussellf8@unicef.org,Male,2015-06-06
550,Larry,Wagner,lwagnerf9@trellian.com,Male,2015-08-17
551,Amy,Ray,arayfa@alexa.com,Female,2015-05-17
552,Deborah,Murphy,dmurphyfb@symantec.com,Female,2015-02-01
553,Amanda,Cole,acolefc@accuweather.com,Female,2015-03-01
554,Philip,Dean,pdeanfd@163.com,Male,2015-05-03
555,Maria,Sullivan,msullivanfe@csmonitor.com,Female,2015-08-18
556,Frances,Carter,fcarterff@java.com,Female,2015-11-07
557,Shirley,Lopez,slopezfg@walmart.com,Female,2015-07-04
558,Randy,Wells,rwellsfh@seattletimes.com,Male,2015-08-27
559,Jacqueline,Hart,jhartfi@soundcloud.com,Female,2015-02-08
560,Billy,Reynolds,breynoldsfj@answers.com,Male,2015-11-07
561,Steve,Long,slongfk@blogtalkradio.com,Male,2015-09-16
562,Sarah,Hughes,shughesfl@blogs.com,Female,2015-06-02
563,Kevin,Graham,kgrahamfm@patch.com,Male,2015-07-17
564,Joseph,Torres,jtorresfn@mozilla.com,Male,2015-01-29
565,Janice,Medina,jmedinafo@shutterfly.com,Female,2015-11-11
566,Matthew,Austin,maustinfp@hubpages.com,Male,2015-02-28
567,Jimmy,Holmes,jholmesfq@nyu.edu,Male,2015-04-07
568,Wanda,Barnes,wbarnesfr@senate.gov,Female,2016-01-08
569,Linda,Cooper,lcooperfs@arstechnica.com,Female,2015-04-17
570,Wayne,Sanchez,wsanchezft@usnews.com,Male,2015-04-09
571,Frank,Wright,fwrightfu@dmoz.org,Male,2016-01-21
572,Andrew,Jordan,ajordanfv@webmd.com,Male,2015-08-18
573,Diane,Scott,dscottfw@msn.com,Female,2015-05-22
574,Henry,Brown,hbrownfx@salon.com,Male,2015-03-04
575,Paula,Ray,prayfy@godaddy.com,Female,2015-05-09
576,Frank,Rodriguez,frodriguezfz@auda.org.au,Male,2015-07-01
577,James,Hicks,jhicksg0@fc2.com,Male,2015-05-10
578,Richard,Henderson,rhendersong1@4shared.com,Male,2015-09-08
579,Rose,Schmidt,rschmidtg2@dailymotion.com,Female,2015-08-29
580,Beverly,Parker,bparkerg3@lulu.com,Female,2015-07-02
581,Steven,Hayes,shayesg4@pen.io,Male,2015-11-17
582,Randy,Carter,rcarterg5@360.cn,Male,2015-12-11
583,Elizabeth,Dunn,edunng6@digg.com,Female,2015-06-21
584,Kevin,Flores,kfloresg7@about.com,Male,2015-05-25
585,Shirley,Rose,sroseg8@google.de,Female,2015-02-16
586,Brenda,Jenkins,bjenkinsg9@independent.co.uk,Female,2015-09-14
587,Heather,Duncan,hduncanga@amazon.com,Female,2015-12-26
588,Jacqueline,Thomas,jthomasgb@globo.com,Female,2015-11-11
589,Todd,Chavez,tchavezgc@cocolog-nifty.com,Male,2015-05-31
590,Edward,Gutierrez,egutierrezgd@biglobe.ne.jp,Male,2015-11-09
591,Steve,Garrett,sgarrettge@chicagotribune.com,Male,2015-07-20
592,Jeffrey,Baker,jbakergf@ustream.tv,Male,2015-06-16
593,Norma,Johnston,njohnstongg@senate.gov,Female,2015-05-03
594,Judy,Rice,jricegh@themeforest.net,Female,2015-09-16
595,Carolyn,Gonzales,cgonzalesgi@oracle.com,Female,2015-07-12
596,Diana,Scott,dscottgj@fema.gov,Female,2015-10-20
597,Angela,Day,adaygk@technorati.com,Female,2015-10-30
598,Willie,Martin,wmartingl@seattletimes.com,Male,2015-03-29
599,Jeffrey,Carter,jcartergm@elpais.com,Male,2015-12-22
600,Kevin,Austin,kaustingn@list-manage.com,Male,2015-03-28
601,William,Harvey,wharveygo@1688.com,Male,2015-02-03
602,Ann,Brown,abrowngp@loc.gov,Female,2015-06-18
603,Beverly,Peters,bpetersgq@de.vu,Female,2015-10-24
604,Irene,Bryant,ibryantgr@tuttocitta.it,Female,2015-04-23
605,Gary,Lopez,glopezgs@wsj.com,Male,2015-09-03
606,Carol,Allen,callengt@marketwatch.com,Female,2015-12-09
607,Diane,Lynch,dlynchgu@buzzfeed.com,Female,2015-10-06
608,Antonio,Murphy,amurphygv@vk.com,Male,2015-10-04
609,Joe,Rice,jricegw@alibaba.com,Male,2015-06-27
610,Nicole,Armstrong,narmstronggx@myspace.com,Female,2015-02-12
611,Kathy,Sanchez,ksanchezgy@cocolog-nifty.com,Female,2015-06-21
612,Charles,Arnold,carnoldgz@tuttocitta.it,Male,2015-09-20
613,Christopher,Allen,callenh0@japanpost.jp,Male,2015-09-19
614,Amy,Bryant,abryanth1@reuters.com,Female,2015-05-12
615,Jesse,Marshall,jmarshallh2@prlog.org,Male,2015-02-22
616,Gary,Burton,gburtonh3@mapy.cz,Male,2015-12-07
617,Karen,Adams,kadamsh4@techcrunch.com,Female,2016-01-16
618,Jimmy,Williamson,jwilliamsonh5@cnet.com,Male,2015-02-13
619,Tina,Hicks,thicksh6@usatoday.com,Female,2015-04-22
620,Brenda,Morgan,bmorganh7@prweb.com,Female,2015-11-25
621,Justin,King,jkingh8@geocities.jp,Male,2015-11-25
622,Ann,Daniels,adanielsh9@4shared.com,Female,2015-03-18
623,Terry,Jordan,tjordanha@youtu.be,Male,2015-02-11
624,Norma,Woods,nwoodshb@fda.gov,Female,2015-09-26
625,Craig,Jacobs,cjacobshc@about.me,Male,2015-05-01
626,Heather,Olson,holsonhd@stanford.edu,Female,2015-12-16
627,Rachel,Martin,rmartinhe@rakuten.co.jp,Female,2015-03-15
628,Bonnie,Morrison,bmorrisonhf@reference.com,Female,2016-01-06
629,Albert,Larson,alarsonhg@pinterest.com,Male,2015-04-25
630,Ruth,Perry,rperryhh@senate.gov,Female,2015-06-18
631,Jacqueline,Lopez,jlopezhi@umn.edu,Female,2015-09-05
632,Sarah,Kim,skimhj@tamu.edu,Female,2015-03-23
633,Timothy,Lynch,tlynchhk@nature.com,Male,2015-05-09
634,Albert,Matthews,amatthewshl@eepurl.com,Male,2015-08-05
635,Louis,Lawrence,llawrencehm@illinois.edu,Male,2016-01-07
636,Terry,Young,tyounghn@blog.com,Male,2015-04-12
637,Matthew,Henderson,mhendersonho@infoseek.co.jp,Male,2015-03-23
638,Kathryn,Willis,kwillishp@rediff.com,Female,2016-01-14
639,Debra,Murphy,dmurphyhq@unicef.org,Female,2015-12-18
640,Harold,Burke,hburkehr@infoseek.co.jp,Male,2015-09-30
641,Sara,Mills,smillshs@issuu.com,Female,2015-05-10
642,Beverly,Cunningham,bcunninghamht@craigslist.org,Female,2015-02-13
643,Barbara,Tucker,btuckerhu@shutterfly.com,Female,2015-08-01
644,Alice,Sims,asimshv@discuz.net,Female,2015-09-09
645,Christopher,Palmer,cpalmerhw@xinhuanet.com,Male,2015-04-10
646,Jeffrey,Rogers,jrogershx@mac.com,Male,2015-02-02
647,Carolyn,Alvarez,calvarezhy@spotify.com,Female,2016-01-06
648,Frances,Griffin,fgriffinhz@biglobe.ne.jp,Female,2015-08-12
649,Bobby,Clark,bclarki0@prnewswire.com,Male,2015-09-18
650,Nicole,Berry,nberryi1@webs.com,Female,2015-11-20
651,Marie,Reyes,mreyesi2@yahoo.com,Female,2015-09-11
652,Howard,Torres,htorresi3@si.edu,Male,2015-12-10
653,Martha,Gilbert,mgilberti4@moonfruit.com,Female,2015-03-26
654,Louis,Ramos,lramosi5@imgur.com,Male,2015-05-03
655,Rebecca,Carter,rcarteri6@linkedin.com,Female,2015-05-03
656,Dennis,Hicks,dhicksi7@cyberchimps.com,Male,2015-01-30
657,Alan,Ellis,aellisi8@theglobeandmail.com,Male,2016-01-24
658,Sarah,Franklin,sfranklini9@wordpress.com,Female,2015-05-30
659,Janice,Miller,jmilleria@tiny.cc,Female,2015-11-11
660,Johnny,Murphy,jmurphyib@forbes.com,Male,2015-04-20
661,Donna,Jones,djonesic@stanford.edu,Female,2016-01-27
662,Ann,Wright,awrightid@phpbb.com,Female,2015-05-28
663,Kathleen,Diaz,kdiazie@storify.com,Female,2015-04-21
664,Peter,Torres,ptorresif@lycos.com,Male,2015-06-25
665,Tammy,Gilbert,tgilbertig@quantcast.com,Female,2015-02-23
666,Thomas,Mccoy,tmccoyih@baidu.com,Male,2015-04-04
667,Jacqueline,Wells,jwellsii@ezinearticles.com,Female,2015-11-06
668,Bobby,Harper,bharperij@netvibes.com,Male,2015-07-21
669,Frances,Miller,fmillerik@cbsnews.com,Female,2015-03-24
670,Ann,Stewart,astewartil@hao123.com,Female,2015-12-26
671,Rebecca,Hill,rhillim@cam.ac.uk,Female,2015-07-29
672,Matthew,Long,mlongin@liveinternet.ru,Male,2015-10-02
673,Maria,Adams,madamsio@ted.com,Female,2015-01-30
674,Martha,Dunn,mdunnip@hexun.com,Female,2015-09-10
675,Evelyn,James,ejamesiq@wikipedia.org,Female,2015-03-27
676,Louise,James,ljamesir@list-manage.com,Female,2015-05-14
677,Helen,Mills,hmillsis@cdbaby.com,Female,2015-02-22
678,Aaron,Shaw,ashawit@ox.ac.uk,Male,2015-10-14
679,Todd,Diaz,tdiaziu@sciencedaily.com,Male,2015-09-19
680,Kathy,Fuller,kfulleriv@loc.gov,Female,2016-01-02
681,Diane,Clark,dclarkiw@baidu.com,Female,2015-12-19
682,Bonnie,Hughes,bhughesix@about.me,Female,2015-05-02
683,Charles,Matthews,cmatthewsiy@eventbrite.com,Male,2015-11-17
684,Anna,Tucker,atuckeriz@woothemes.com,Female,2015-07-30
685,Harry,Campbell,hcampbellj0@addthis.com,Male,2015-07-04
686,Joseph,Smith,jsmithj1@imdb.com,Male,2015-06-25
687,Margaret,Allen,mallenj2@parallels.com,Female,2015-11-17
688,Sharon,Lee,sleej3@noaa.gov,Female,2015-09-02
689,Carlos,Ferguson,cfergusonj4@blog.com,Male,2015-04-05
690,Jerry,Fields,jfieldsj5@wsj.com,Male,2015-06-12
691,Diana,Burns,dburnsj6@godaddy.com,Female,2015-05-03
692,Roy,Stephens,rstephensj7@cpanel.net,Male,2015-02-23
693,Tammy,Henry,thenryj8@prlog.org,Female,2015-06-29
694,Helen,Payne,hpaynej9@w3.org,Female,2016-01-27
695,Andrea,Richardson,arichardsonja@economist.com,Female,2015-02-09
696,Anthony,Reed,areedjb@phoca.cz,Male,2015-12-04
697,Lois,Cooper,lcooperjc@sun.com,Female,2015-06-28
698,Lisa,Rogers,lrogersjd@wp.com,Female,2015-08-01
699,Diana,Tucker,dtuckerje@state.tx.us,Female,2015-10-14
700,Carolyn,Jones,cjonesjf@yellowbook.com,Female,2015-05-19
701,Jessica,Hart,jhartjg@theglobeandmail.com,Female,2015-09-04
702,Fred,Simpson,fsimpsonjh@mysql.com,Male,2015-07-21
703,Gloria,Alexander,galexanderji@spiegel.de,Female,2016-01-04
704,David,Grant,dgrantjj@drupal.org,Male,2016-01-05
705,Katherine,Rogers,krogersjk@hud.gov,Female,2015-12-22
706,Phillip,Foster,pfosterjl@ted.com,Male,2015-03-02
707,Barbara,Fowler,bfowlerjm@typepad.com,Female,2016-01-19
708,Harold,Watkins,hwatkinsjn@reference.com,Male,2015-05-27
709,Jerry,Duncan,jduncanjo@tinypic.com,Male,2015-08-05
710,Victor,Duncan,vduncanjp@amazon.co.jp,Male,2015-12-23
711,Joe,Henderson,jhendersonjq@amazonaws.com,Male,2015-01-30
712,Debra,Webb,dwebbjr@hostgator.com,Female,2015-02-03
713,Nicole,Morrison,nmorrisonjs@buzzfeed.com,Female,2015-10-08
714,Roger,Berry,rberryjt@answers.com,Male,2015-09-09
715,Kathryn,Adams,kadamsju@vk.com,Female,2015-05-09
716,Janet,Peterson,jpetersonjv@exblog.jp,Female,2016-01-07
717,Jonathan,Chapman,jchapmanjw@unicef.org,Male,2015-02-02
718,Judith,Perez,jperezjx@mapy.cz,Female,2015-04-11
719,Kathleen,Perez,kperezjy@desdev.cn,Female,2015-04-23
720,Benjamin,Stephens,bstephensjz@google.fr,Male,2015-07-30
721,Wayne,Miller,wmillerk0@state.gov,Male,2015-02-19
722,Terry,Jones,tjonesk1@fema.gov,Male,2015-06-16
723,William,Wagner,wwagnerk2@umich.edu,Male,2015-09-06
724,Victor,Parker,vparkerk3@example.com,Male,2015-02-08
725,Barbara,Berry,bberryk4@meetup.com,Female,2015-03-23
726,Irene,Lawson,ilawsonk5@uol.com.br,Female,2015-07-26
727,Johnny,Lawrence,jlawrencek6@adobe.com,Male,2015-11-06
728,Rebecca,Olson,rolsonk7@yellowpages.com,Female,2015-12-03
729,Jesse,Cook,jcookk8@behance.net,Male,2015-11-01
730,Carl,Andrews,candrewsk9@hugedomains.com,Male,2015-03-15
731,Rebecca,Allen,rallenka@odnoklassniki.ru,Female,2015-10-07
732,Marilyn,Duncan,mduncankb@theglobeandmail.com,Female,2015-03-12
733,Stephen,Phillips,sphillipskc@blinklist.com,Male,2015-12-25
734,Billy,Perez,bperezkd@creativecommons.org,Male,2015-08-02
735,Gary,Reyes,greyeske@moonfruit.com,Male,2015-07-11
736,Shirley,Mason,smasonkf@telegraph.co.uk,Female,2015-07-30
737,Carol,Wheeler,cwheelerkg@cafepress.com,Female,2015-08-05
738,Jack,West,jwestkh@themeforest.net,Male,2015-09-27
739,Chris,Holmes,cholmeski@exblog.jp,Male,2015-03-27
740,Amanda,Clark,aclarkkj@wunderground.com,Female,2015-11-13
741,William,Ward,wwardkk@over-blog.com,Male,2015-04-15
742,Stephanie,Clark,sclarkkl@harvard.edu,Female,2015-07-01
743,James,Ortiz,jortizkm@dot.gov,Male,2015-06-19
744,Arthur,Burns,aburnskn@indiatimes.com,Male,2015-03-23
745,Gary,Lynch,glynchko@gnu.org,Male,2015-03-28
746,Lori,Thomas,lthomaskp@deliciousdays.com,Female,2015-06-22
747,Sandra,Taylor,staylorkq@cnet.com,Female,2015-07-14
748,Laura,Ward,lwardkr@ox.ac.uk,Female,2015-12-25
749,Pamela,Holmes,pholmesks@squidoo.com,Female,2015-06-07
750,Steve,Montgomery,smontgomerykt@salon.com,Male,2015-12-20
751,Jerry,Fowler,jfowlerku@wsj.com,Male,2015-10-20
752,Roy,Wood,rwoodkv@icq.com,Male,2016-01-03
753,Betty,Johnson,bjohnsonkw@mayoclinic.com,Female,2015-04-20
754,Carlos,Williams,cwilliamskx@ucla.edu,Male,2015-08-06
755,Joyce,Alvarez,jalvarezky@1688.com,Female,2015-09-19
756,Jonathan,King,jkingkz@photobucket.com,Male,2015-05-05
757,Victor,Martin,vmartinl0@hatena.ne.jp,Male,2015-09-03
758,James,Woods,jwoodsl1@blogspot.com,Male,2016-01-19
759,Wayne,Payne,wpaynel2@discovery.com,Male,2015-08-14
760,Diana,Ramos,dramosl3@webs.com,Female,2015-05-30
761,Rebecca,Gray,rgrayl4@flickr.com,Female,2015-05-26
762,Betty,Parker,bparkerl5@msn.com,Female,2015-07-31
763,Teresa,Robertson,trobertsonl6@w3.org,Female,2015-09-06
764,Cynthia,Martinez,cmartinezl7@clickbank.net,Female,2015-03-18
765,Ashley,Powell,apowelll8@discovery.com,Female,2015-03-14
766,Debra,Boyd,dboydl9@jigsy.com,Female,2015-11-02
767,Carolyn,Watkins,cwatkinsla@ask.com,Female,2015-12-15
768,Joseph,Stanley,jstanleylb@prweb.com,Male,2015-05-08
769,Elizabeth,Williamson,ewilliamsonlc@cornell.edu,Female,2015-02-16
770,Keith,Dunn,kdunnld@ted.com,Male,2015-10-19
771,Victor,Baker,vbakerle@gnu.org,Male,2015-04-09
772,Joan,Olson,jolsonlf@squarespace.com,Female,2015-05-02
773,Eric,Diaz,ediazlg@drupal.org,Male,2015-08-14
774,Bonnie,Wallace,bwallacelh@mit.edu,Female,2015-03-20
775,Joan,Lewis,jlewisli@newsvine.com,Female,2015-09-14
776,Barbara,Gardner,bgardnerlj@google.com.hk,Female,2015-06-24
777,Christopher,Walker,cwalkerlk@yandex.ru,Male,2015-11-13
778,Irene,Sanders,isandersll@angelfire.com,Female,2015-09-18
779,Walter,Bishop,wbishoplm@homestead.com,Male,2015-10-29
780,Diane,Torres,dtorresln@skype.com,Female,2015-10-28
781,Christina,Armstrong,carmstronglo@sfgate.com,Female,2016-01-11
782,Harold,White,hwhitelp@usatoday.com,Male,2015-08-15
783,Lillian,Patterson,lpattersonlq@goo.ne.jp,Female,2015-03-26
784,Albert,Riley,arileylr@wordpress.org,Male,2016-01-16
785,Jack,Fowler,jfowlerls@hexun.com,Male,2015-09-28
786,Diane,Stone,dstonelt@clickbank.net,Female,2015-04-10
787,Kathryn,Black,kblacklu@nifty.com,Female,2015-09-09
788,Brenda,Duncan,bduncanlv@51.la,Female,2015-05-17
789,Amy,Mendoza,amendozalw@tuttocitta.it,Female,2015-11-11
790,Peter,Brooks,pbrookslx@shutterfly.com,Male,2015-11-06
791,Linda,Baker,lbakerly@blogger.com,Female,2015-04-07
792,Roger,Crawford,rcrawfordlz@dot.gov,Male,2015-03-13
793,Henry,Murphy,hmurphym0@comsenz.com,Male,2015-04-13
794,Joshua,Garza,jgarzam1@amazon.co.jp,Male,2015-11-30
795,Kevin,Gutierrez,kgutierrezm2@mashable.com,Male,2015-07-06
796,Jonathan,Roberts,jrobertsm3@google.ru,Male,2015-09-03
797,Jane,Marshall,jmarshallm4@bluehost.com,Female,2015-11-01
798,Rose,Barnes,rbarnesm5@hao123.com,Female,2016-01-15
799,Louis,Oliver,loliverm6@fda.gov,Male,2016-01-04
800,Steven,Tucker,stuckerm7@ovh.net,Male,2015-09-09
801,Evelyn,Ramos,eramosm8@google.de,Female,2015-11-09
802,Christina,Campbell,ccampbellm9@google.ru,Female,2015-11-09
803,Julie,Russell,jrussellma@amazon.com,Female,2015-04-10
804,Lawrence,Simmons,lsimmonsmb@infoseek.co.jp,Male,2015-04-06
805,Ruth,King,rkingmc@webnode.com,Female,2015-03-21
806,Daniel,Harrison,dharrisonmd@dropbox.com,Male,2015-10-15
807,Dennis,Burns,dburnsme@sfgate.com,Male,2015-03-03
808,Philip,Cole,pcolemf@businesswire.com,Male,2015-07-21
809,Roger,Armstrong,rarmstrongmg@google.ca,Male,2015-09-09
810,Sean,Meyer,smeyermh@google.pl,Male,2015-02-26
811,Jesse,Schmidt,jschmidtmi@prweb.com,Male,2015-09-16
812,Anne,Shaw,ashawmj@yahoo.co.jp,Female,2015-07-12
813,Phyllis,Dixon,pdixonmk@wisc.edu,Female,2015-03-21
814,Joyce,Ruiz,jruizml@bizjournals.com,Female,2015-12-01
815,Judy,Welch,jwelchmm@domainmarket.com,Female,2016-01-10
816,Jack,Myers,jmyersmn@yale.edu,Male,2015-12-11
817,Elizabeth,Carr,ecarrmo@nsw.gov.au,Female,2015-09-08
818,Daniel,Medina,dmedinamp@nature.com,Male,2015-06-07
819,Sarah,Pierce,spiercemq@webnode.com,Female,2015-08-13
820,Michelle,Cooper,mcoopermr@woothemes.com,Female,2015-08-08
821,Betty,Peters,bpetersms@quantcast.com,Female,2015-09-26
822,Norma,Mason,nmasonmt@pen.io,Female,2015-06-26
823,Sara,Butler,sbutlermu@soundcloud.com,Female,2015-02-10
824,Joan,Gonzales,jgonzalesmv@techcrunch.com,Female,2015-09-16
825,Shirley,Pierce,spiercemw@goodreads.com,Female,2015-10-10
826,Melissa,Simpson,msimpsonmx@imgur.com,Female,2015-08-30
827,Harold,Torres,htorresmy@dropbox.com,Male,2015-09-30
828,Patrick,Henderson,phendersonmz@reuters.com,Male,2015-11-28
829,Carlos,Cooper,ccoopern0@gov.uk,Male,2016-01-05
830,Christine,Hunt,chuntn1@about.com,Female,2015-11-27
831,Sara,Murphy,smurphyn2@si.edu,Female,2015-09-11
832,Douglas,Tucker,dtuckern3@i2i.jp,Male,2015-12-28
833,Howard,Gibson,hgibsonn4@facebook.com,Male,2015-12-24
834,Jennifer,Fernandez,jfernandezn5@hexun.com,Female,2015-02-14
835,Janet,Wagner,jwagnern6@bloglines.com,Female,2015-02-24
836,Martha,Roberts,mrobertsn7@harvard.edu,Female,2015-03-04
837,Deborah,Cook,dcookn8@exblog.jp,Female,2015-04-21
838,Steve,Long,slongn9@live.com,Male,2015-07-17
839,Louis,Franklin,lfranklinna@unesco.org,Male,2015-02-09
840,Juan,Mendoza,jmendozanb@guardian.co.uk,Male,2016-01-22
841,Antonio,Fuller,afullernc@github.io,Male,2015-07-24
842,Matthew,Green,mgreennd@cnn.com,Male,2015-06-10
843,Helen,Baker,hbakerne@reference.com,Female,2015-03-29
844,Ronald,Stephens,rstephensnf@paginegialle.it,Male,2015-05-01
845,Jack,Lynch,jlynchng@gov.uk,Male,2015-05-24
846,Steve,Ross,srossnh@blogs.com,Male,2015-04-09
847,Janet,Fernandez,jfernandezni@amazon.co.uk,Female,2015-03-26
848,Phillip,Gibson,pgibsonnj@wiley.com,Male,2016-01-24
849,Kimberly,Hunt,khuntnk@ebay.co.uk,Female,2015-07-14
850,Paul,Holmes,pholmesnl@unc.edu,Male,2015-11-19
851,Louise,Fields,lfieldsnm@cyberchimps.com,Female,2015-08-16
852,Dennis,Gutierrez,dgutierreznn@sciencedaily.com,Male,2015-11-20
853,Jimmy,Campbell,jcampbellno@meetup.com,Male,2015-10-12
854,Judy,Long,jlongnp@t.co,Female,2015-05-12
855,Albert,Payne,apaynenq@sciencedirect.com,Male,2015-12-22
856,Jerry,Long,jlongnr@vinaora.com,Male,2015-09-14
857,Harry,Fields,hfieldsns@jiathis.com,Male,2015-09-01
858,Jennifer,Kelly,jkellynt@cam.ac.uk,Female,2015-09-24
859,Todd,Stone,tstonenu@blog.com,Male,2015-10-23
860,Alice,Thompson,athompsonnv@smh.com.au,Female,2015-08-14
861,Sharon,Castillo,scastillonw@bloglovin.com,Female,2015-08-26
862,Janet,Daniels,jdanielsnx@wp.com,Female,2015-02-03
863,Jacqueline,Pierce,jpierceny@tripadvisor.com,Female,2015-06-02
864,Benjamin,Burke,bburkenz@xrea.com,Male,2015-06-05
865,Mark,Evans,mevanso0@fema.gov,Male,2015-08-20
866,Philip,Austin,paustino1@xinhuanet.com,Male,2015-09-08
867,Catherine,Ruiz,cruizo2@hao123.com,Female,2016-01-01
868,Amy,Austin,aaustino3@hexun.com,Female,2015-11-10
869,Harold,Taylor,htayloro4@netvibes.com,Male,2015-08-30
870,Thomas,Scott,tscotto5@zimbio.com,Male,2015-12-08
871,Paula,Spencer,pspencero6@spotify.com,Female,2015-12-02
872,Phillip,Stone,pstoneo7@printfriendly.com,Male,2015-07-28
873,Thomas,Watkins,twatkinso8@uiuc.edu,Male,2015-12-02
874,Julie,Lopez,jlopezo9@bloglovin.com,Female,2015-08-25
875,Matthew,Thomas,mthomasoa@google.pl,Male,2015-11-30
876,Timothy,Johnston,tjohnstonob@tiny.cc,Male,2015-10-02
877,Ronald,Greene,rgreeneoc@vk.com,Male,2015-02-14
878,Marilyn,Torres,mtorresod@hhs.gov,Female,2016-01-26
879,Chris,Austin,caustinoe@webmd.com,Male,2015-03-03
880,Eric,Simmons,esimmonsof@theguardian.com,Male,2015-12-24
881,Donald,Foster,dfosterog@loc.gov,Male,2015-08-15
882,Johnny,Howell,jhowelloh@ed.gov,Male,2015-05-03
883,Nicholas,Fox,nfoxoi@tinyurl.com,Male,2015-08-25
884,Adam,Burke,aburkeoj@woothemes.com,Male,2015-11-10
885,Rebecca,Butler,rbutlerok@360.cn,Female,2015-03-20
886,Jimmy,Holmes,jholmesol@sciencedaily.com,Male,2015-02-02
887,Ronald,Grant,rgrantom@google.ru,Male,2015-06-23
888,Robert,Ford,rfordon@mysql.com,Male,2015-11-29
889,Larry,Moore,lmooreoo@squarespace.com,Male,2015-05-22
890,Gregory,Mendoza,gmendozaop@techcrunch.com,Male,2015-05-18
891,Bobby,Williamson,bwilliamsonoq@vk.com,Male,2015-03-14
892,Johnny,Holmes,jholmesor@seesaa.net,Male,2015-12-14
893,Antonio,Lopez,alopezos@apache.org,Male,2015-03-21
894,Steven,Nichols,snicholsot@ezinearticles.com,Male,2015-03-20
895,Norma,Peterson,npetersonou@edublogs.org,Female,2015-04-08
896,Sandra,Rose,sroseov@google.com,Female,2015-10-05
897,Roy,Hill,rhillow@tripod.com,Male,2015-02-27
898,Aaron,Medina,amedinaox@nba.com,Male,2015-09-04
899,Julia,Rose,jroseoy@sina.com.cn,Female,2015-11-14
900,Irene,Arnold,iarnoldoz@webs.com,Female,2015-07-09
901,Billy,Knight,bknightp0@amazon.co.jp,Male,2015-11-20
902,Gary,Meyer,gmeyerp1@pinterest.com,Male,2016-01-21
903,Marie,Jenkins,mjenkinsp2@networksolutions.com,Female,2015-10-11
904,Brandon,Kelly,bkellyp3@tripod.com,Male,2015-11-05
905,Wanda,Powell,wpowellp4@g.co,Female,2015-06-11
906,Julia,Kennedy,jkennedyp5@live.com,Female,2015-08-27
907,Annie,Sims,asimsp6@yahoo.co.jp,Female,2015-02-05
908,Walter,Romero,wromerop7@arstechnica.com,Male,2015-06-08
909,Alice,Kelley,akelleyp8@lycos.com,Female,2015-05-14
910,Amanda,Johnson,ajohnsonp9@diigo.com,Female,2015-12-03
911,Joyce,Ramos,jramospa@amazon.co.jp,Female,2015-10-24
912,Pamela,Woods,pwoodspb@xinhuanet.com,Female,2015-03-08
913,Aaron,Lawson,alawsonpc@fema.gov,Male,2015-07-17
914,Amy,Wagner,awagnerpd@usnews.com,Female,2015-08-08
915,Judy,Morales,jmoralespe@scientificamerican.com,Female,2015-05-05
916,Bruce,Ryan,bryanpf@addthis.com,Male,2015-08-03
917,Carlos,Carpenter,ccarpenterpg@ebay.co.uk,Male,2015-05-12
918,Eugene,Ramirez,eramirezph@people.com.cn,Male,2016-01-23
919,Eric,Wright,ewrightpi@rambler.ru,Male,2015-06-30
920,Nicole,Medina,nmedinapj@webs.com,Female,2015-10-27
921,Anthony,Patterson,apattersonpk@state.tx.us,Male,2015-11-07
922,Theresa,Hudson,thudsonpl@ustream.tv,Female,2015-05-22
923,Beverly,Stevens,bstevenspm@deliciousdays.com,Female,2015-07-14
924,Charles,Montgomery,cmontgomerypn@example.com,Male,2015-06-12
925,Pamela,Alvarez,palvarezpo@amazon.co.uk,Female,2015-03-31
926,Jonathan,Diaz,jdiazpp@spiegel.de,Male,2015-01-31
927,Annie,Gordon,agordonpq@bloglovin.com,Female,2015-10-07
928,Karen,Howell,khowellpr@posterous.com,Female,2016-01-06
929,George,Schmidt,gschmidtps@wordpress.org,Male,2015-09-27
930,Lawrence,Mendoza,lmendozapt@wunderground.com,Male,2015-10-02
931,Tammy,Oliver,toliverpu@is.gd,Female,2015-10-24
932,Ernest,Rodriguez,erodriguezpv@who.int,Male,2015-11-05
933,Billy,Bowman,bbowmanpw@nytimes.com,Male,2015-02-15
934,Harry,Mitchell,hmitchellpx@chron.com,Male,2015-05-11
935,Andrea,Spencer,aspencerpy@typepad.com,Female,2015-10-15
936,Michael,Gutierrez,mgutierrezpz@yelp.com,Male,2015-08-12
937,Nicole,Reynolds,nreynoldsq0@lulu.com,Female,2015-03-27
938,Anna,Rice,ariceq1@reference.com,Female,2015-03-13
939,Eric,Bell,ebellq2@home.pl,Male,2015-11-22
940,Doris,Arnold,darnoldq3@china.com.cn,Female,2016-01-01
941,Rebecca,Powell,rpowellq4@ucsd.edu,Female,2015-02-02
942,Katherine,Lawrence,klawrenceq5@wisc.edu,Female,2015-02-18
943,Matthew,Ward,mwardq6@fda.gov,Male,2015-04-09
944,Patrick,Collins,pcollinsq7@statcounter.com,Male,2015-02-15
945,Cynthia,Alexander,calexanderq8@php.net,Female,2015-06-20
946,Gloria,Mitchell,gmitchellq9@digg.com,Female,2015-08-11
947,Ryan,Hughes,rhughesqa@theglobeandmail.com,Male,2015-05-06
948,Thomas,Lynch,tlynchqb@army.mil,Male,2015-11-01
949,Billy,Jones,bjonesqc@macromedia.com,Male,2015-07-12
950,Richard,Garza,rgarzaqd@marriott.com,Male,2015-06-05
951,Philip,Matthews,pmatthewsqe@timesonline.co.uk,Male,2015-05-18
952,Virginia,Henry,vhenryqf@census.gov,Female,2015-12-25
953,David,Kelley,dkelleyqg@exblog.jp,Male,2015-03-10
954,Andrew,Hunter,ahunterqh@php.net,Male,2015-04-19
955,Charles,Garcia,cgarciaqi@arizona.edu,Male,2015-02-06
956,Victor,Watson,vwatsonqj@myspace.com,Male,2015-05-06
957,Ruby,Gray,rgrayqk@goodreads.com,Female,2015-11-30
958,Gloria,Wells,gwellsql@nationalgeographic.com,Female,2015-08-24
959,Sean,Bryant,sbryantqm@yolasite.com,Male,2015-10-17
960,Tammy,Cooper,tcooperqn@latimes.com,Female,2015-04-27
961,Lawrence,Bailey,lbaileyqo@ask.com,Male,2015-09-30
962,Benjamin,Bennett,bbennettqp@biblegateway.com,Male,2015-02-07
963,Albert,Shaw,ashawqq@bbc.co.uk,Male,2015-09-23
964,Paul,Hall,phallqr@time.com,Male,2015-03-10
965,Angela,Weaver,aweaverqs@jimdo.com,Female,2015-09-07
966,Joseph,Williamson,jwilliamsonqt@nature.com,Male,2015-10-09
967,Billy,Nelson,bnelsonqu@china.com.cn,Male,2015-02-15
968,Robert,Kennedy,rkennedyqv@barnesandnoble.com,Male,2015-10-23
969,Michelle,Pierce,mpierceqw@typepad.com,Female,2015-12-18
970,Barbara,Grant,bgrantqx@uol.com.br,Female,2015-04-27
971,Jerry,Arnold,jarnoldqy@sohu.com,Male,2015-09-06
972,Andrea,Mills,amillsqz@imdb.com,Female,2016-01-07
973,Keith,Brown,kbrownr0@goo.gl,Male,2015-08-29
974,Robin,Franklin,rfranklinr1@miibeian.gov.cn,Female,2015-04-08
975,Bruce,Rice,bricer2@illinois.edu,Male,2015-04-09
976,Andrea,Stewart,astewartr3@nationalgeographic.com,Female,2016-01-27
977,Betty,Woods,bwoodsr4@etsy.com,Female,2015-08-31
978,Linda,Gray,lgrayr5@phpbb.com,Female,2015-07-11
979,Joshua,Torres,jtorresr6@huffingtonpost.com,Male,2015-02-07
980,Timothy,Hunter,thunterr7@amazon.co.jp,Male,2015-07-10
981,Bonnie,Hansen,bhansenr8@fc2.com,Female,2015-09-08
982,Sandra,Anderson,sandersonr9@facebook.com,Female,2015-11-24
983,Gregory,Tucker,gtuckerra@friendfeed.com,Male,2015-03-06
984,Daniel,Green,dgreenrb@printfriendly.com,Male,2015-03-17
985,Rachel,Peters,rpetersrc@sbwire.com,Female,2016-01-26
986,Pamela,Hawkins,phawkinsrd@sitemeter.com,Female,2015-05-06
987,Gerald,Price,gpricere@springer.com,Male,2015-07-09
988,Paula,Brooks,pbrooksrf@etsy.com,Female,2015-04-18
989,Antonio,Peters,apetersrg@icio.us,Male,2015-09-29
990,Jessica,Price,jpricerh@nifty.com,Female,2015-05-17
991,Gloria,Kelley,gkelleyri@ed.gov,Female,2015-03-01
992,Timothy,Robertson,trobertsonrj@mozilla.org,Male,2015-05-29
993,Mary,Garcia,mgarciark@elegantthemes.com,Female,2015-03-16
994,Benjamin,Garcia,bgarciarl@yale.edu,Male,2015-12-09
995,Judith,Andrews,jandrewsrm@themeforest.net,Female,2015-10-12
996,Paula,Bell,pbellrn@wisc.edu,Female,2015-02-11
997,Benjamin,Adams,badamsro@slate.com,Male,2015-05-13
998,Ann,Ruiz,aruizrp@youtube.com,Female,2015-02-28
999,Virginia,Johnson,vjohnsonrq@stumbleupon.com,Female,2015-09-20
1000,Brenda,Simpson,bsimpsonrr@gizmodo.com,Female,2015-07-13
